{
  "accuracy": 0.8311688311688312,
  "precision": 0.8299332371332372,
  "recall": 0.8311688311688312,
  "f1": 0.8295444768986536,
  "roc_auc": 0.9024689246208233,
  "average_confidence": 0.8037109375,
  "average_entropy": 0.428955078125
}