{
  "accuracy": 0.8051948051948052,
  "precision": 0.7862583332782008,
  "recall": 0.8051948051948052,
  "f1": 0.7956122928454945,
  "roc_auc": null,
  "average_confidence": 0.771484375,
  "average_entropy": 0.55078125
}