{
  "accuracy": 0.7558441558441559,
  "precision": 0.7459605218183889,
  "recall": 0.7558441558441559,
  "f1": 0.7467647216491538,
  "roc_auc": 0.9318020438311136,
  "average_confidence": 0.9335366487503052,
  "average_entropy": 0.16754935681819916
}