{
  "accuracy": 0.8285714285714286,
  "precision": 0.8272973403408186,
  "recall": 0.8285714285714286,
  "f1": 0.8273453818908365,
  "roc_auc": 0.9095820504048352,
  "average_confidence": 0.9762094616889954,
  "average_entropy": 0.05725689232349396
}