{
  "accuracy": 0.8181818181818182,
  "precision": 0.8198716257387435,
  "recall": 0.8181818181818182,
  "f1": 0.8145570406280566,
  "roc_auc": 0.9419905671857999,
  "average_confidence": 0.9734124541282654,
  "average_entropy": 0.06371859461069107
}