{
  "accuracy": 0.8415584415584415,
  "precision": 0.8411384194616601,
  "recall": 0.8415584415584415,
  "f1": 0.8406242244482096,
  "per_class": {
    "Real": {
      "precision": 0.815068493150685,
      "recall": 0.8040540540540541,
      "f1": 0.8095238095238095
    },
    "Fake (True Text)": {
      "precision": 0.8333333333333334,
      "recall": 0.5555555555555556,
      "f1": 0.6666666666666666
    },
    "Fake (False Text)": {
      "precision": 0.8583690987124464,
      "recall": 0.8771929824561403,
      "f1": 0.8676789587852495
    }
  },
  "roc_auc": 0.9533430492070659,
  "average_confidence": 0.828686535358429,
  "average_entropy": 0.3790522515773773
}