{
  "accuracy": 0.8337662337662337,
  "precision": 0.834241266586182,
  "recall": 0.8337662337662337,
  "f1": 0.8326230830444444,
  "per_class": {
    "Fake": {
      "precision": 0.8115942028985508,
      "recall": 0.7567567567567568,
      "f1": 0.7832167832167832
    },
    "Satire": {
      "precision": 1.0,
      "recall": 0.7272727272727273,
      "f1": 0.8421052631578947
    },
    "Real": {
      "precision": 0.8410041841004184,
      "recall": 0.8893805309734514,
      "f1": 0.864516129032258
    }
  },
  "roc_auc": 0.9369650990664858,
  "average_confidence": 0.8235069513320923,
  "average_entropy": 0.38905882835388184
}