{
  "accuracy": 0.7324675324675325,
  "precision": 0.7261414664782542,
  "recall": 0.7324675324675325,
  "f1": 0.7018007279182161,
  "per_class": {
    "Fake": {
      "precision": 0.6839378238341969,
      "recall": 0.8918918918918919,
      "f1": 0.7741935483870968
    },
    "Satire/Parody": {
      "precision": 0.8333333333333334,
      "recall": 0.15151515151515152,
      "f1": 0.2564102564102564
    },
    "Misleading": {
      "precision": 0.7,
      "recall": 0.546875,
      "f1": 0.6140350877192983
    },
    "Imposter": {
      "precision": 0.0,
      "recall": 0.0,
      "f1": 0.0
    },
    "False Connection": {
      "precision": 0.8333333333333334,
      "recall": 0.8849557522123894,
      "f1": 0.8583690987124464
    },
    "Manipulated": {
      "precision": 0.625,
      "recall": 0.5263157894736842,
      "f1": 0.5714285714285714
    }
  },
  "roc_auc": 0.9046972018819841,
  "average_confidence": 0.7778070569038391,
  "average_entropy": 0.6147648692131042
}