{
  "accuracy": 0.7636363636363637,
  "precision": 0.7576194684747876,
  "recall": 0.7636363636363637,
  "f1": 0.7376430669462178,
  "per_class": {
    "Real": {
      "precision": 0.717948717948718,
      "recall": 0.9459459459459459,
      "f1": 0.8163265306122449
    },
    "Satire/Parody": {
      "precision": 0.875,
      "recall": 0.28,
      "f1": 0.42424242424242425
    },
    "Misleading": {
      "precision": 0.7872340425531915,
      "recall": 0.5068493150684932,
      "f1": 0.6166666666666667
    },
    "Imposter": {
      "precision": 0.0,
      "recall": 0.0,
      "f1": 0.0
    },
    "False Connection": {
      "precision": 0.824,
      "recall": 0.8879310344827587,
      "f1": 0.8547717842323651
    },
    "Manipulated": {
      "precision": 0.7,
      "recall": 0.4666666666666667,
      "f1": 0.56
    }
  },
  "roc_auc": 0.9260858864380143,
  "average_confidence": 0.7889832854270935,
  "average_entropy": 0.5921064615249634
}