{
  "accuracy": 0.8389610389610389,
  "precision": 0.8489848179989026,
  "recall": 0.8389610389610389,
  "f1": 0.8407056277056277,
  "per_class": {
    "Real": {
      "precision": 0.9107981220657277,
      "recall": 0.8185654008438819,
      "f1": 0.8622222222222222
    },
    "Fake": {
      "precision": 0.75,
      "recall": 0.8716216216216216,
      "f1": 0.80625
    }
  },
  "roc_auc": 0.9147565286805793,
  "average_confidence": 0.8262709379196167,
  "average_entropy": 0.38651254773139954
}