{
  "classification_type": "binary",
  "class_names": [
    "Real",
    "Fake"
  ],
  "fpr": [
    0.0,
    0.0,
    0.0,
    0.004219409282700422,
    0.004219409282700422,
    0.012658227848101266,
    0.012658227848101266,
    0.02109704641350211,
    0.02109704641350211,
    0.02531645569620253,
    0.02531645569620253,
    0.03375527426160337,
    0.03375527426160337,
    0.04219409282700422,
    0.04219409282700422,
    0.046413502109704644,
    0.046413502109704644,
    0.05063291139240506,
    0.05063291139240506,
    0.05485232067510549,
    0.05485232067510549,
    0.05907172995780591,
    0.05907172995780591,
    0.06751054852320675,
    0.06751054852320675,
    0.0759493670886076,
    0.0759493670886076,
    0.08016877637130802,
    0.08016877637130802,
    0.08860759493670886,
    0.08860759493670886,
    0.09282700421940929,
    0.09282700421940929,
    0.10970464135021098,
    0.10970464135021098,
    0.1308016877637131,
    0.1308016877637131,
    0.13924050632911392,
    0.13924050632911392,
    0.14345991561181434,
    0.14345991561181434,
    0.1518987341772152,
    0.1518987341772152,
    0.15611814345991562,
    0.15611814345991562,
    0.16033755274261605,
    0.16033755274261605,
    0.16455696202531644,
    0.16455696202531644,
    0.17721518987341772,
    0.17721518987341772,
    0.18143459915611815,
    0.18143459915611815,
    0.189873417721519,
    0.189873417721519,
    0.20253164556962025,
    0.20253164556962025,
    0.21518987341772153,
    0.21518987341772153,
    0.21940928270042195,
    0.21940928270042195,
    0.25316455696202533,
    0.25316455696202533,
    0.2616033755274262,
    0.2616033755274262,
    0.28270042194092826,
    0.28270042194092826,
    0.2911392405063291,
    0.2911392405063291,
    0.29957805907172996,
    0.29957805907172996,
    0.3037974683544304,
    0.3037974683544304,
    0.3080168776371308,
    0.3080168776371308,
    0.32489451476793246,
    0.32489451476793246,
    0.379746835443038,
    0.379746835443038,
    0.41350210970464135,
    0.41350210970464135,
    0.4219409282700422,
    0.4219409282700422,
    0.5358649789029536,
    0.5358649789029536,
    1.0
  ],
  "tpr": [
    0.0,
    0.006756756756756757,
    0.1891891891891892,
    0.1891891891891892,
    0.25,
    0.25,
    0.27702702702702703,
    0.27702702702702703,
    0.34459459459459457,
    0.34459459459459457,
    0.3783783783783784,
    0.3783783783783784,
    0.3918918918918919,
    0.3918918918918919,
    0.42567567567567566,
    0.42567567567567566,
    0.4391891891891892,
    0.4391891891891892,
    0.5202702702702703,
    0.5202702702702703,
    0.527027027027027,
    0.527027027027027,
    0.5675675675675675,
    0.5675675675675675,
    0.5945945945945946,
    0.5945945945945946,
    0.6081081081081081,
    0.6081081081081081,
    0.6486486486486487,
    0.6486486486486487,
    0.6959459459459459,
    0.6959459459459459,
    0.7094594594594594,
    0.7094594594594594,
    0.7162162162162162,
    0.7162162162162162,
    0.7837837837837838,
    0.7837837837837838,
    0.7905405405405406,
    0.7905405405405406,
    0.7972972972972973,
    0.7972972972972973,
    0.8040540540540541,
    0.8040540540540541,
    0.8108108108108109,
    0.8108108108108109,
    0.8175675675675675,
    0.8175675675675675,
    0.8378378378378378,
    0.8378378378378378,
    0.8445945945945946,
    0.8445945945945946,
    0.8716216216216216,
    0.8716216216216216,
    0.8851351351351351,
    0.8851351351351351,
    0.8918918918918919,
    0.8918918918918919,
    0.9054054054054054,
    0.9054054054054054,
    0.918918918918919,
    0.918918918918919,
    0.9256756756756757,
    0.9256756756756757,
    0.9324324324324325,
    0.9324324324324325,
    0.9391891891891891,
    0.9391891891891891,
    0.9459459459459459,
    0.9459459459459459,
    0.9527027027027027,
    0.9527027027027027,
    0.9594594594594594,
    0.9594594594594594,
    0.9662162162162162,
    0.9662162162162162,
    0.972972972972973,
    0.972972972972973,
    0.9797297297297297,
    0.9797297297297297,
    0.9864864864864865,
    0.9864864864864865,
    0.9932432432432432,
    0.9932432432432432,
    1.0,
    1.0
  ],
  "thresholds": [
    Infinity,
    0.9870039820671082,
    0.9169892072677612,
    0.9150618314743042,
    0.9005048871040344,
    0.8978383541107178,
    0.8931114077568054,
    0.89295494556427,
    0.8790063261985779,
    0.8774511218070984,
    0.8639739155769348,
    0.8601794242858887,
    0.8555243611335754,
    0.8541690707206726,
    0.8417586088180542,
    0.8386980891227722,
    0.8272342085838318,
    0.8250078558921814,
    0.8027595281600952,
    0.7995105981826782,
    0.7992115020751953,
    0.7964948415756226,
    0.7872412800788879,
    0.7826269865036011,
    0.7771835327148438,
    0.7751471400260925,
    0.7729719281196594,
    0.7727720737457275,
    0.7358802556991577,
    0.7293875813484192,
    0.7129033207893372,
    0.6956917643547058,
    0.6910616755485535,
    0.6847583651542664,
    0.6842404007911682,
    0.6657414436340332,
    0.6149653196334839,
    0.6108883023262024,
    0.604508101940155,
    0.6040788888931274,
    0.5985814929008484,
    0.5985432863235474,
    0.5932907462120056,
    0.5912277102470398,
    0.5848416090011597,
    0.5833101868629456,
    0.5814193487167358,
    0.578498125076294,
    0.5620381832122803,
    0.5272237062454224,
    0.524546205997467,
    0.5221579074859619,
    0.5019104480743408,
    0.4915810227394104,
    0.47402819991111755,
    0.4543660581111908,
    0.4495609402656555,
    0.43449002504348755,
    0.4254680573940277,
    0.42158418893814087,
    0.4174240827560425,
    0.3796137571334839,
    0.37761372327804565,
    0.35463106632232666,
    0.3504243791103363,
    0.316341757774353,
    0.3111499845981598,
    0.30865564942359924,
    0.30204492807388306,
    0.29070478677749634,
    0.28631559014320374,
    0.2755966782569885,
    0.27336183190345764,
    0.272009938955307,
    0.2699357569217682,
    0.26229211688041687,
    0.26183998584747314,
    0.21702724695205688,
    0.21539264917373657,
    0.2014794498682022,
    0.20102271437644958,
    0.19767005741596222,
    0.19171757996082306,
    0.0928325355052948,
    0.09149547666311264,
    0.00020274576672818512
  ],
  "auc": 0.9147565286805793
}